ingredient_id,name,category_id,carbon_foot_print,carbon_foot_print_source,carbon_foot_print_weight,water_foot_print,water_foot_print_source,water_foot_print_weight,kcal,kcal_weight,protein,protein_weight,fat,fat_weight,carbohydrates,carbohydrates_weight,fiber,fiber_weight,created_at,updated_at
1,"cheese, brie",28,0.810181,corgis_category_mean,100,5060,corgis_category_mean,1000,334,100,20.75,100,27.68,100,0.45,100,0,100,2022-10-24 17:13:17,2022-10-24 17:14:46
2,"sauce, barbecue",109,,,100,,,1000,172,100,0.82,100,0.63,100,40.77,100,0.9,100,2022-10-24 17:13:17,2022-10-24 17:14:46
3,"candies, dark chocolate coated coffee beans",,,,100,,,1000,540,100,7.5,100,30,100,59.95,100,7.5,100,2022-10-24 17:13:17,2022-10-24 17:13:17
4,"oil, safflower, salad or cooking, high oleic (primary safflower oil of commerce)",81,,,100,,,1000,884,100,0,100,100,100,0,100,0,100,2022-10-24 17:13:17,2022-10-24 17:14:46
5,"tomatoes, red, ripe, raw, year round average",126,0.28746879999999997,corgis_category_mean,100,214,corgis_category_mean,1000,18,100,0.88,100,0.2,100,3.89,100,1.2,100,2022-10-24 17:13:17,2022-10-24 17:14:46
6,"cheese, goat, soft type",,,,100,,,1000,264,100,18.52,100,21.08,100,0,100,0,100,2022-10-24 17:13:17,2022-10-24 17:13:17
7,"fish, tilapia, raw",49,0.42398399999999997,corgis_category_mean,100,,,1000,96,100,20.08,100,1.7,100,0,100,0,100,2022-10-24 17:13:17,2022-10-24 17:14:46
8,"candies, toffee, prepared-from-recipe",,,,100,,,1000,560,100,1.07,100,32.75,100,64.72,100,0,100,2022-10-24 17:13:17,2022-10-24 17:13:17
9,"wheat flours, bread, unenriched",,,,100,,,1000,361,100,11.98,100,1.66,100,72.53,100,2.4,100,2022-10-24 17:13:17,2022-10-24 17:13:17
10,"apple juice, canned or bottled, unsweetened, without added ascorbic acid",8,0.09000000000000001,myemissions.green,100,822,healabel,1000,52,100,0.26,100,0.17,100,13.81,100,2.4,100,2022-10-24 17:13:17,2022-10-24 17:14:46
11,"cheese, roquefort",,,,100,,,1000,369,100,21.54,100,30.64,100,2,100,0,100,2022-10-24 17:13:17,2022-10-24 17:13:17
12,"cookies, graham crackers, plain or honey, lowfat",34,0.3227421111111111,corgis_category_mean,100,8703,corgis_category_mean,1000,386,100,5.71,100,5.71,100,77.96,100,5.7,100,2022-10-24 17:13:17,2022-10-24 17:14:46
13,"cheese, cheddar",28,0.810181,corgis_category_mean,100,5060,corgis_category_mean,1000,406,100,24.04,100,33.82,100,1.33,100,0,100,2022-10-24 17:13:17,2022-10-24 17:14:46
14,"spices, pumpkin pie spice",116,,,100,,,1000,342,100,5.76,100,12.6,100,69.28,100,14.8,100,2022-10-24 17:13:17,2022-10-24 17:14:46
15,"amazonas rainforest product, tapioca starch, upc: 742987126365",,0.0594,myemissions.green,100,,,1000,320,100,0,100,0,100,83.2,100,0,100,2022-10-24 17:13:17,2022-10-24 17:13:17
16,"onions, spring or scallions (includes tops and bulb), raw",84,,,100,,,1000,32,100,1.83,100,0.19,100,7.34,100,2.6,100,2022-10-24 17:13:17,2022-10-24 17:14:46
17,"spices, ginger, ground",116,,,100,,,1000,335,100,8.98,100,4.24,100,71.62,100,14.1,100,2022-10-24 17:13:17,2022-10-24 17:14:46
18,"nectarines, raw",78,0.24333333333333332,edamam_hits_similarity,100,,,1000,44,100,1.06,100,0.32,100,10.55,100,1.7,100,2022-10-24 17:13:17,2022-10-24 17:14:46
19,"nuts, chestnuts, european, dried, peeled",,,,100,,,1000,369,100,5.01,100,3.91,100,78.43,100,,,2022-10-24 17:13:17,2022-10-24 17:13:17
20,"vinegar, distilled",128,,,100,,,1000,18,100,0,100,0,100,0.04,100,0,100,2022-10-24 17:13:17,2022-10-24 17:14:46
21,"vinegar, red wine",,,,100,,,1000,19,100,0.04,100,0,100,0.27,100,0,100,2022-10-24 17:13:17,2022-10-24 17:13:17
22,"fish, salmon, atlantic, wild, raw",,,,100,,,1000,142,100,19.84,100,6.34,100,0,100,0,100,2022-10-24 17:13:17,2022-10-24 17:13:17
23,"croutons, plain",,,,100,,,1000,407,100,11.9,100,6.6,100,73.5,100,5.1,100,2022-10-24 17:13:17,2022-10-24 17:13:17
24,"seeds, sesame seeds, whole, dried",,,,100,,,1000,573,100,17.73,100,49.67,100,23.45,100,11.8,100,2022-10-24 17:13:17,2022-10-24 17:13:17
25,"radishes, raw",103,,,100,,,1000,16,100,0.68,100,0.1,100,3.4,100,1.6,100,2022-10-24 17:13:17,2022-10-24 17:14:46
26,"syrup, cane",,,,100,,,1000,269,100,0,100,0,100,73.14,100,0,100,2022-10-24 17:13:17,2022-10-24 17:13:17
27,"olives, ripe, canned (small-extra large)",83,,,100,,,1000,115,100,0.84,100,10.68,100,6.26,100,3.2,100,2022-10-24 17:13:17,2022-10-24 17:14:46
28,"cabbage, raw",20,0.1521,corgis_category_mean,100,280,corgis_category_mean,1000,25,100,1.28,100,0.1,100,5.8,100,2.5,100,2022-10-24 17:13:17,2022-10-24 17:14:46
29,"sauce, ready-to-serve, pepper, tabasco",109,,,100,,,1000,12,100,1.29,100,0.76,100,0.8,100,0.6,100,2022-10-24 17:13:17,2022-10-24 17:14:46
30,"ginger root, raw",51,0.045235,corgis_category_mean,100,1657,corgis_category_mean,1000,80,100,1.82,100,0.75,100,17.77,100,2,100,2022-10-24 17:13:17,2022-10-24 17:14:46
31,"currants, zante, dried",41,0.21000000000000002,edamam_hits_similarity,100,,,1000,283,100,4.08,100,0.27,100,74.08,100,6.8,100,2022-10-24 17:13:17,2022-10-24 17:14:46
32,"grapes, red or green (european type, such as thompson seedless), raw",53,,,100,,,1000,69,100,0.72,100,0.16,100,18.1,100,0.9,100,2022-10-24 17:13:17,2022-10-24 17:14:46
33,"wheat flour, white, cake, enriched",,,,100,,,1000,362,100,8.2,100,0.86,100,78.03,100,1.7,100,2022-10-24 17:13:17,2022-10-24 17:13:17
34,"lemonade, frozen concentrate, white, prepared with water",,,,100,,,1000,40,100,0.07,100,0.04,100,10.42,100,0,100,2022-10-24 17:13:17,2022-10-24 17:13:17
35,"ice creams, strawberry",,,,100,,,1000,192,100,3.2,100,8.4,100,27.6,100,0.9,100,2022-10-24 17:13:17,2022-10-24 17:13:17
36,"watermelon, raw",130,,,100,,,1000,30,100,0.61,100,0.15,100,7.55,100,0.4,100,2022-10-24 17:13:17,2022-10-24 17:14:46
37,"spices, chili powder",116,,,100,,,1000,282,100,13.46,100,14.28,100,49.7,100,34.8,100,2022-10-24 17:13:17,2022-10-24 17:14:46
38,"beans, adzuki, mature seeds, raw",,,,100,,,1000,329,100,19.87,100,0.53,100,62.9,100,12.7,100,2022-10-24 17:13:17,2022-10-24 17:13:17
39,"sauce, hot chile, sriracha",,0.022176,myemissions.green,100,,,1000,11,100,0.51,100,0.37,100,1.75,100,0.3,100,2022-10-24 17:13:17,2022-10-24 17:13:17
40,"tomato sauce, canned, no salt added",115,0.24324400000000002,myemissions.green,100,214,healabel,1000,18,100,0.88,100,0.2,100,3.89,100,1.2,100,2022-10-24 17:13:17,2022-10-24 17:14:46
41,"leeks, (bulb and lower leaf-portion), raw",61,,,100,,,1000,61,100,1.5,100,0.3,100,14.15,100,1.8,100,2022-10-24 17:13:17,2022-10-24 17:14:46
42,"nuts, pine nuts, dried",79,0.20558600000000002,corgis_category_mean,100,,,1000,673,100,13.69,100,68.37,100,13.08,100,3.7,100,2022-10-24 17:13:17,2022-10-24 17:14:46
43,"sauce, pasta, spaghetti/marinara, ready-to-serve",109,,,100,,,1000,49,100,1.41,100,1.48,100,7.53,100,1.8,100,2022-10-24 17:13:17,2022-10-24 17:14:46
44,"house of pasta, pizza dough, upc: 074708983316",66,0.137431,myemissions.green,100,1849,healabel,1000,371,100,13.04,100,1.51,100,74.67,100,3.2,100,2022-10-24 17:13:17,2022-10-24 17:14:46
45,"seeds, pumpkin and squash seeds, whole, roasted, without salt",,,,100,,,1000,446,100,18.55,100,19.4,100,53.75,100,18.4,100,2022-10-24 17:13:17,2022-10-24 17:13:17
46,"sauerkraut, canned, solids and liquids",110,,,100,,,1000,19,100,0.91,100,0.14,100,4.28,100,2.9,100,2022-10-24 17:13:17,2022-10-24 17:14:46
47,"chicken, broilers or fryers, wing, meat and skin, raw",,,,100,,,1000,191,100,17.52,100,13.16,100,0,100,0,100,2022-10-24 17:13:17,2022-10-24 17:13:17
48,"sugars, powdered",120,,,100,,,1000,389,100,0,100,0,100,99.77,100,0,100,2022-10-24 17:13:17,2022-10-24 17:14:46
49,"cheese, fontina",28,0.810181,corgis_category_mean,100,5060,corgis_category_mean,1000,389,100,25.6,100,31.14,100,1.55,100,0,100,2022-10-24 17:13:17,2022-10-24 17:14:46
50,"alcoholic beverage, beer, regular, all",1,0.0767825,corgis_category_mean,100,298,corgis_category_mean,1000,43,100,0.46,100,0,100,3.55,100,0,100,2022-10-24 17:13:17,2022-10-24 17:14:46
51,"spices, rosemary, dried",,,,100,,,1000,331,100,4.88,100,15.22,100,64.06,100,42.6,100,2022-10-24 17:13:17,2022-10-24 17:13:17
52,"beverages, almond milk, unsweetened, shelf stable",13,0.056499999999999995,myemissions.green,100,7052,corgis_category_mean,1000,15,100,0.59,100,1.1,100,1.15,100,0.58,100,2022-10-24 17:13:17,2022-10-24 17:14:46
53,"spices, onion powder",116,,,100,,,1000,341,100,10.41,100,1.04,100,79.12,100,15.2,100,2022-10-24 17:13:17,2022-10-24 17:14:46
54,"goji berries, dried",,,,100,,,1000,349,100,14.26,100,0.39,100,77.06,100,13,100,2022-10-24 17:13:17,2022-10-24 17:13:17
55,"kielbasa, polish, turkey and beef, smoked",,,,100,,,1000,226,100,13.1,100,17.6,100,3.9,100,0,100,2022-10-24 17:13:17,2022-10-24 17:13:17
56,"cheese, pasteurized process, american, without added vitamin d",28,0.810181,corgis_category_mean,100,5060,corgis_category_mean,1000,371,100,18.13,100,31.79,100,3.7,100,0,100,2022-10-24 17:13:17,2022-10-24 17:14:46
57,"cornmeal, degermed, unenriched, yellow",,,,100,,,1000,370,100,7.11,100,1.75,100,79.45,100,3.9,100,2022-10-24 17:13:17,2022-10-24 17:13:17
58,"wheat germ, crude",,,,100,,,1000,360,100,23.15,100,9.72,100,51.8,100,13.2,100,2022-10-24 17:13:17,2022-10-24 17:13:17
59,"cheese, cottage, creamed, large or small curd",28,0.810181,corgis_category_mean,100,5060,corgis_category_mean,1000,98,100,11.12,100,4.3,100,3.38,100,0,100,2022-10-24 17:13:17,2022-10-24 17:14:46
60,"parsnips, raw",,0.067763,edamam_hits_similarity,100,,,1000,75,100,1.2,100,0.3,100,17.99,100,4.9,100,2022-10-24 17:13:17,2022-10-24 17:13:17
61,"spices, pepper, red or cayenne",116,,,100,,,1000,318,100,12.01,100,17.27,100,56.63,100,27.2,100,2022-10-24 17:13:17,2022-10-24 17:14:46
62,"cream, whipped, cream topping, pressurized",39,0.372404,edamam_hits_similarity,100,,,1000,257,100,3.2,100,22.22,100,12.49,100,0,100,2022-10-24 17:13:17,2022-10-24 17:14:46
63,"margarine-like, margarine-butter blend, soybean oil and butter",,,,100,,,1000,727,100,0.31,100,80.32,100,0.77,100,0,100,2022-10-24 17:13:17,2022-10-24 17:13:17
64,"beverages, protein powder whey based",13,0.18480034375,corgis_category_mean,100,7052,corgis_category_mean,1000,352,100,78.13,100,1.56,100,6.25,100,3.1,100,2022-10-24 17:13:17,2022-10-24 17:14:46
65,"ice creams, vanilla",56,,,100,,,1000,207,100,3.5,100,11,100,23.6,100,0.7,100,2022-10-24 17:13:17,2022-10-24 17:14:46
66,"fast foods, coleslaw",,,,100,,,1000,153,100,0.95,100,9.91,100,14.89,100,1.9,100,2022-10-24 17:13:17,2022-10-24 17:13:17
67,"okra, raw",82,,,100,,,1000,33,100,1.93,100,0.19,100,7.45,100,3.2,100,2022-10-24 17:13:17,2022-10-24 17:14:46
68,"wild rice, raw",132,,,100,,,1000,357,100,14.73,100,1.08,100,74.9,100,6.2,100,2022-10-24 17:13:17,2022-10-24 17:14:46
69,"beverages, carbonated, ginger ale",13,0.18480034375,corgis_category_mean,100,7052,corgis_category_mean,1000,34,100,0,100,0,100,8.77,100,0,100,2022-10-24 17:13:17,2022-10-24 17:14:46
70,"blackberries, raw",14,0.286,edamam_hits_similarity,100,,,1000,43,100,1.39,100,0.49,100,9.61,100,5.3,100,2022-10-24 17:13:17,2022-10-24 17:14:46
71,"lentils, raw",63,0.067038,edamam_hits_similarity,100,,,1000,352,100,24.63,100,1.06,100,63.35,100,10.7,100,2022-10-24 17:13:17,2022-10-24 17:14:46
72,"sauce, fish, ready-to-serve",109,,,100,,,1000,35,100,5.06,100,0.01,100,3.64,100,0,100,2022-10-24 17:13:17,2022-10-24 17:14:46
73,"shallots, raw",,0.10511999999999999,edamam_hits_similarity,100,,,1000,72,100,2.5,100,0.1,100,16.8,100,3.2,100,2022-10-24 17:13:17,2022-10-24 17:13:17
74,"seeds, chia seeds, dried",,0.42000000000000004,edamam_hits_similarity,100,,,1000,486,100,16.54,100,30.74,100,42.12,100,34.4,100,2022-10-24 17:13:17,2022-10-24 17:13:17
75,"oil, canola",81,,,100,,,1000,884,100,0,100,100,100,0,100,0,100,2022-10-24 17:13:17,2022-10-24 17:14:46
76,"tofu, raw, regular, prepared with calcium sulfate",,,,100,,,1000,76,100,8.08,100,4.78,100,1.88,100,0.3,100,2022-10-24 17:13:17,2022-10-24 17:13:17
77,"mollusks, scallop, (bay and sea), cooked, steamed",75,0.30364300000000005,corgis_category_mean,100,,,1000,111,100,20.54,100,0.84,100,5.41,100,0,100,2022-10-24 17:13:17,2022-10-24 17:14:46
78,"edamame, frozen, prepared",44,,,100,,,1000,122,100,10.88,100,5.2,100,9.94,100,5.2,100,2022-10-24 17:13:17,2022-10-24 17:14:46
79,"nuts, macadamia nuts, raw",,,,100,,,1000,718,100,7.91,100,75.77,100,13.82,100,8.6,100,2022-10-24 17:13:17,2022-10-24 17:13:17
80,"fish, catfish, channel, wild, raw",,,,100,,,1000,95,100,16.38,100,2.82,100,0,100,0,100,2022-10-24 17:13:17,2022-10-24 17:13:17
81,"sauce, oyster, ready-to-serve",109,,,100,,,1000,51,100,1.35,100,0.25,100,10.92,100,0.3,100,2022-10-24 17:13:17,2022-10-24 17:14:46
82,"fennel, bulb, raw",47,,,100,,,1000,31,100,1.24,100,0.2,100,7.3,100,3.1,100,2022-10-24 17:13:17,2022-10-24 17:14:46
83,"shortening confectionery, coconut (hydrogenated) and or palm kernel (hydrogenated)",,,,100,,,1000,884,100,0,100,100,100,0,100,0,100,2022-10-24 17:13:17,2022-10-24 17:13:17
84,"snacks, popcorn, air-popped (unsalted)",114,0.2751166666666667,corgis_category_mean,100,595,corgis_category_mean,1000,387,100,12.94,100,4.54,100,77.78,100,14.5,100,2022-10-24 17:13:17,2022-10-24 17:14:46
85,"sweet potato, raw, unprepared",121,0.1273,corgis_category_mean,100,383,corgis_category_mean,1000,86,100,1.57,100,0.05,100,20.12,100,3,100,2022-10-24 17:13:17,2022-10-24 17:14:46
86,"marketside, balsamic vinaigrette dressing, upc: 681131070317",,,,100,,,1000,86,100,0.19,100,5.94,100,24.65,100,0.4,100,2022-10-24 17:13:17,2022-10-24 17:13:17
87,"alcoholic beverage, liqueur, coffee, 53 proof",1,0.0767825,corgis_category_mean,100,298,corgis_category_mean,1000,336,100,0.1,100,0.3,100,46.8,100,0,100,2022-10-24 17:13:17,2022-10-24 17:14:46
88,"a cajun life, all purpose cajun seasoning, upc: 095225879272",,,,100,,,1000,307,100,9.59,100,7.53,100,65.59,100,11.3,100,2022-10-24 17:13:17,2022-10-24 17:13:17
89,"pretzels, soft, unsalted",99,,,100,,,1000,345,100,8.2,100,3.1,100,71.04,100,1.7,100,2022-10-24 17:13:17,2022-10-24 17:14:46
90,"mushrooms, shiitake, raw",,,,100,,,1000,34,100,2.24,100,0.49,100,6.79,100,2.5,100,2022-10-24 17:13:17,2022-10-24 17:13:17
91,"pascha, organic bitter-sweet dark chocolate chips, upc: 842638005022",,0.23203000000000001,myemissions.green,100,,,1000,231,100,0,100,0,100,0,100,0,100,2022-10-24 17:13:17,2022-10-24 17:13:17
92,"spices, bay leaf",,,,100,,,1000,313,100,7.61,100,8.36,100,74.97,100,26.3,100,2022-10-24 17:13:17,2022-10-24 17:13:17
93,"spices, parsley, dried",116,,,100,,,1000,292,100,26.63,100,5.48,100,50.64,100,26.7,100,2022-10-24 17:13:17,2022-10-24 17:14:46
94,"oil, olive, salad or cooking",81,,,100,,,1000,884,100,0,100,100,100,0,100,0,100,2022-10-24 17:13:17,2022-10-24 17:14:46
95,okara,,,,100,,,1000,77,100,3.22,100,1.73,100,12.54,100,,,2022-10-24 17:13:17,2022-10-24 17:13:17
96,"nuts, pistachio nuts, raw",,0.20558600000000002,edamam_hits_similarity,100,,,1000,562,100,20.27,100,45.39,100,27.51,100,10.3,100,2022-10-24 17:13:17,2022-10-24 17:13:17
97,oats,,0.07850000000000001,myemissions.green,100,1788,healabel,1000,389,100,16.89,100,6.9,100,66.27,100,10.6,100,2022-10-24 17:13:17,2022-10-24 17:13:17
98,"beverages, carbonated, cola, regular",13,0.062195,myemissions.green,100,7052,corgis_category_mean,1000,37,100,0.07,100,0.02,100,9.56,100,0,100,2022-10-24 17:13:17,2022-10-24 17:14:46
99,"limeade, frozen concentrate, prepared with water",,,,100,,,1000,52,100,0,100,0,100,13.79,100,0,100,2022-10-24 17:13:17,2022-10-24 17:13:17
100,"tomatoes, sun-dried",126,0.28746879999999997,corgis_category_mean,100,214,corgis_category_mean,1000,258,100,14.11,100,2.97,100,55.76,100,12.3,100,2022-10-24 17:13:17,2022-10-24 17:14:46
101,"pepperoni, beef and pork, sliced",91,,,100,,,1000,494,100,22.9,100,43.5,100,0,100,0,100,2022-10-24 17:13:17,2022-10-24 17:14:46
102,"candies, semisweet chocolate",21,0.4337648333333333,corgis_category_mean,100,7653,corgis_category_mean,1000,480,100,4.2,100,30,100,63.9,100,5.9,100,2022-10-24 17:13:17,2022-10-24 17:14:46
103,"cream, fluid, heavy whipping",39,,,100,,,1000,345,100,2.05,100,37,100,2.79,100,0,100,2022-10-24 17:13:17,2022-10-24 17:14:46
104,"sauce, pesto, ready-to-serve, refrigerated",,0.25258200000000003,myemissions.green,100,,,1000,332.584,100,5,100,31.4607,100,7.86517,100,1.68539,100,2022-10-24 17:13:17,2022-10-24 17:13:17
105,"lettuce, cos or romaine, raw",64,,,100,,,1000,17,100,1.23,100,0.3,100,3.29,100,2.1,100,2022-10-24 17:13:17,2022-10-24 17:14:46
106,"mango nectar, canned",67,0.87,myemissions.green,100,1800,healabel,1000,60,100,0.82,100,0.38,100,14.98,100,1.6,100,2022-10-24 17:13:17,2022-10-24 17:14:46
107,"baking chocolate, mars snackfood us, m&m's milk chocolate mini baking bits",,,,100,,,1000,502,100,4.78,100,23.36,100,68.4,100,2.7,100,2022-10-24 17:13:17,2022-10-24 17:13:17
108,"nuts, walnuts, english",79,0.20558600000000002,corgis_category_mean,100,,,1000,654,100,15.23,100,65.21,100,13.71,100,6.7,100,2022-10-24 17:13:17,2022-10-24 17:14:46
109,"spices, poppy seed",,,,100,,,1000,525,100,17.99,100,41.56,100,28.13,100,19.5,100,2022-10-24 17:13:17,2022-10-24 17:13:17
110,"oil, sesame, salad or cooking",81,,,100,,,1000,884,100,0,100,100,100,0,100,0,100,2022-10-24 17:13:17,2022-10-24 17:14:46
111,"salt, table",108,,,100,,,1000,0,100,0,100,0,100,0,100,0,100,2022-10-24 17:13:17,2022-10-24 17:14:46
112,"cock brand, palm sugar, upc: 084909007285",,,,100,,,1000,380,100,0.12,100,0,100,98.09,100,0,100,2022-10-24 17:13:17,2022-10-24 17:13:17
113,"spices, curry powder",,,,100,,,1000,325,100,14.29,100,14.01,100,55.83,100,53.2,100,2022-10-24 17:13:17,2022-10-24 17:13:17
114,"peanut butter, smooth style, without salt",89,,,100,,,1000,598,100,22.21,100,51.36,100,22.31,100,5,100,2022-10-24 17:13:17,2022-10-24 17:14:46
115,"syrups, grenadine",123,0.065599,corgis_category_mean,100,,,1000,268,100,0,100,0,100,66.91,100,0,100,2022-10-24 17:13:17,2022-10-24 17:14:46
116,"kale, raw",57,,,100,,,1000,49,100,4.28,100,0.93,100,8.75,100,3.6,100,2022-10-24 17:13:17,2022-10-24 17:14:46
117,"cheese, parmesan, hard",,0.7110650000000001,edamam_hits_similarity,100,,,1000,392,100,35.75,100,25.83,100,3.22,100,0,100,2022-10-24 17:13:17,2022-10-24 17:13:17
118,"sauce, hoisin, ready-to-serve",109,,,100,,,1000,220,100,3.31,100,3.39,100,44.08,100,2.8,100,2022-10-24 17:13:17,2022-10-24 17:14:46
119,"soup, chicken broth or bouillon, dry",,,,100,,,1000,267,100,16.66,100,13.88,100,18.01,100,0,100,2022-10-24 17:13:17,2022-10-24 17:13:17
120,"milk, buttermilk, fluid, cultured, lowfat",72,0.24041875000000001,corgis_category_mean,100,1020,corgis_category_mean,1000,40,100,3.31,100,0.88,100,4.79,100,0,100,2022-10-24 17:13:17,2022-10-24 17:14:46
121,"cheese, blue",28,0.810181,corgis_category_mean,100,5060,corgis_category_mean,1000,353,100,21.4,100,28.74,100,2.34,100,0,100,2022-10-24 17:13:17,2022-10-24 17:14:46
122,"beverages, gerolsteiner brunnen gmbh & co. kg,gerolsteiner naturally sparkling mineral water,",,,,100,,,1000,0,100,0,100,0,100,0,100,0,100,2022-10-24 17:13:17,2022-10-24 17:13:17
123,"pears, raw",90,0.25439999999999996,corgis_category_mean,100,922,corgis_category_mean,1000,57,100,0.36,100,0.14,100,15.23,100,3.1,100,2022-10-24 17:13:17,2022-10-24 17:14:46
124,"chives, raw",32,0.11325000000000002,edamam_hits_similarity,100,,,1000,30,100,3.27,100,0.73,100,4.35,100,2.5,100,2022-10-24 17:13:17,2022-10-24 17:14:46
125,"bread crumbs, dry, grated, plain",,,,100,,,1000,395,100,13.35,100,5.3,100,71.98,100,4.5,100,2022-10-24 17:13:17,2022-10-24 17:13:17
126,"la flor, steak seasoning, upc: 077636022157",107,4.3330329999999995,myemissions.green,100,,,1000,228,100,20,100,15.83,100,0,100,0,100,2022-10-24 17:13:17,2022-10-24 17:14:46
127,"alcoholic beverage, distilled, vodka, 80 proof",,,,100,,,1000,231,100,0,100,0,100,0,100,0,100,2022-10-24 17:13:17,2022-10-24 17:13:17
128,"il villaggio, mascarpone cheese, upc: 037982981300",,0.7416670000000001,myemissions.green,100,,,1000,342,100,5.93,100,34.24,100,4.07,100,0,100,2022-10-24 17:13:17,2022-10-24 17:13:17
129,"spices, caraway seed",116,,,100,,,1000,333,100,19.77,100,14.59,100,49.9,100,38,100,2022-10-24 17:13:17,2022-10-24 17:14:46
130,"cheese, mozzarella, low sodium",28,0.810181,corgis_category_mean,100,5060,corgis_category_mean,1000,280,100,27.5,100,17.1,100,3.1,100,0,100,2022-10-24 17:13:17,2022-10-24 17:14:46
131,"beverages, carbonated, root beer",13,0.18480034375,corgis_category_mean,100,7052,corgis_category_mean,1000,41,100,0,100,0,100,10.6,100,0,100,2022-10-24 17:13:17,2022-10-24 17:14:46
132,"noodles, japanese, soba, dry",,,,100,,,1000,336,100,14.38,100,0.71,100,74.62,100,,,2022-10-24 17:13:17,2022-10-24 17:13:17
133,"onions, raw",84,,,100,,,1000,40,100,1.1,100,0.1,100,9.34,100,1.7,100,2022-10-24 17:13:17,2022-10-24 17:14:46
134,"cranberry sauce, canned, sweetened",38,0.252,myemissions.green,100,276,healabel,1000,46,100,0.39,100,0.13,100,12.2,100,4.6,100,2022-10-24 17:13:17,2022-10-24 17:14:46
135,"delallo, italian seasoned breadcrumbs, upc: 072368104621",,0.12149900000000001,myemissions.green,100,,,1000,395,100,13.35,100,5.3,100,71.98,100,4.5,100,2022-10-24 17:13:17,2022-10-24 17:13:17
136,"bacon, meatless",9,0.662826,corgis_category_mean,100,0,corgis_category_mean,1000,310,100,10.68,100,29.52,100,6.32,100,2.6,100,2022-10-24 17:13:17,2022-10-24 17:14:46
137,"cherries, sweet, raw",29,0.269,corgis_category_mean,100,1411,corgis_category_mean,1000,63,100,1.06,100,0.2,100,16.01,100,2.1,100,2022-10-24 17:13:17,2022-10-24 17:14:46
138,"spices, paprika",116,0.11325000000000002,edamam_hits_similarity,100,,,1000,282,100,14.14,100,12.89,100,53.99,100,34.9,100,2022-10-24 17:13:17,2022-10-24 17:14:46
139,"melons, cantaloupe, raw",71,,,100,,,1000,34,100,0.84,100,0.19,100,8.16,100,0.9,100,2022-10-24 17:13:17,2022-10-24 17:14:46
140,catsup,24,0.15402000000000002,myemissions.green,100,534,healabel,1000,101,100,1.04,100,0.1,100,27.4,100,0.3,100,2022-10-24 17:13:17,2022-10-24 17:14:46
141,"sweetener, syrup, agave",122,,,100,,,1000,310,100,0.09,100,0.45,100,76.37,100,0.2,100,2022-10-24 17:13:17,2022-10-24 17:14:46
142,"asparagus, raw",6,0.4753333333333334,corgis_category_mean,100,2150,corgis_category_mean,1000,20,100,2.2,100,0.12,100,3.88,100,2.1,100,2022-10-24 17:13:17,2022-10-24 17:14:46
143,"broccoli, raw",16,0.10808000000000001,corgis_category_mean,100,285,corgis_category_mean,1000,34,100,2.82,100,0.37,100,6.64,100,2.6,100,2022-10-24 17:13:17,2022-10-24 17:14:46
144,"dill weed, fresh",,,,100,,,1000,43,100,3.46,100,1.12,100,7.02,100,2.1,100,2022-10-24 17:13:17,2022-10-24 17:13:17
145,"tamarinds, raw",124,,,100,,,1000,239,100,2.8,100,0.6,100,62.5,100,5.1,100,2022-10-24 17:13:17,2022-10-24 17:14:46
146,"corn, sweet, white, raw",,,,100,,,1000,86,100,3.22,100,1.18,100,19.02,100,2.7,100,2022-10-24 17:13:17,2022-10-24 17:13:17
147,"sherbet, orange",112,,,100,,,1000,144,100,1.1,100,2,100,30.4,100,1.3,100,2022-10-24 17:13:17,2022-10-24 17:14:46
148,"parsley, fresh",87,,,100,,,1000,36,100,2.97,100,0.79,100,6.33,100,3.3,100,2022-10-24 17:13:17,2022-10-24 17:14:46
149,"applesauce, canned, unsweetened, without added ascorbic acid (includes usda commodity)",,,,100,,,1000,42,100,0.17,100,0.1,100,11.27,100,1.1,100,2022-10-24 17:13:17,2022-10-24 17:13:17
150,carob flour,,,,100,,,1000,222,100,4.62,100,0.65,100,88.88,100,39.8,100,2022-10-24 17:13:17,2022-10-24 17:13:17
151,"kumquats, raw",58,,,100,,,1000,71,100,1.88,100,0.86,100,15.9,100,6.5,100,2022-10-24 17:13:17,2022-10-24 17:14:46
152,"turnips, raw",127,0.067763,edamam_hits_similarity,100,,,1000,28,100,0.9,100,0.1,100,6.43,100,1.8,100,2022-10-24 17:13:17,2022-10-24 17:14:46
153,"pickles, cucumber, sour",,0.4074,edamam_hits_similarity,100,,,1000,11,100,0.33,100,0.2,100,2.26,100,1.2,100,2022-10-24 17:13:17,2022-10-24 17:13:17
154,"garlic chili sauce, upc: 041224872707",,0.045235,myemissions.green,100,589,healabel,1000,149,100,6.36,100,0.5,100,33.06,100,2.1,100,2022-10-24 17:13:17,2022-10-24 17:13:17
155,"wei-chuan, five spice powder, upc: 072869234643",,0.11325000000000002,myemissions.green,100,,,1000,263,100,6.09,100,8.69,100,72.12,100,21.6,100,2022-10-24 17:13:17,2022-10-24 17:13:17
156,"nuts, almonds",79,0.20558600000000002,corgis_category_mean,100,,,1000,579,100,21.15,100,49.93,100,21.55,100,12.5,100,2022-10-24 17:13:17,2022-10-24 17:14:46
157,"spices, garlic powder",116,,,100,,,1000,331,100,16.55,100,0.73,100,72.73,100,9,100,2022-10-24 17:13:17,2022-10-24 17:14:46
158,"mushrooms, portabella, raw",,,,100,,,1000,22,100,2.11,100,0.35,100,3.87,100,1.3,100,2022-10-24 17:13:17,2022-10-24 17:13:17
159,"sauce, worcestershire",109,0.022176,edamam_hits_similarity,100,,,1000,78,100,0,100,0,100,19.46,100,0,100,2022-10-24 17:13:17,2022-10-24 17:14:46
160,"cheese, provolone",28,0.810181,corgis_category_mean,100,5060,corgis_category_mean,1000,351,100,25.58,100,26.62,100,2.14,100,0,100,2022-10-24 17:13:17,2022-10-24 17:14:46
161,"goldsaft sugar beet syrup, upc: 4000412010808",13,0.039078,myemissions.green,100,210,healabel,1000,387,100,0,100,0,100,99.98,100,0,100,2022-10-24 17:13:17,2022-10-24 17:14:46
162,"rice vinegar, upc: 4979435030332",,,,100,,,1000,18,100,0,100,0,100,0.04,100,0,100,2022-10-24 17:13:17,2022-10-24 17:13:17
163,"papayas, raw",86,0.44000000000000006,edamam_hits_similarity,100,,,1000,43,100,0.47,100,0.26,100,10.82,100,1.7,100,2022-10-24 17:13:17,2022-10-24 17:14:46
164,"milk, fluid, 1% fat, without added vitamin a and vitamin d",,,,100,,,1000,42,100,3.37,100,0.97,100,4.99,100,0,100,2022-10-24 17:13:17,2022-10-24 17:13:17
165,"xanthan gum, upc: 071518021764",,0,myemissions.green,100,,,1000,312.5,100,0,100,0,100,69.1,100,69.1,100,2022-10-24 17:13:17,2022-10-24 17:13:17
166,"wheat, durum",,,,100,,,1000,339,100,13.68,100,2.47,100,71.13,100,,,2022-10-24 17:13:17,2022-10-24 17:13:17
167,"puddings, tapioca, ready-to-eat",100,,,100,,,1000,130,100,1.95,100,3.88,100,21.69,100,0,100,2022-10-24 17:13:17,2022-10-24 17:14:46
168,"sugars, brown",120,,,100,,,1000,380,100,0.12,100,0,100,98.09,100,0,100,2022-10-24 17:13:17,2022-10-24 17:14:46
169,"lime juice, raw",65,0.06216000000000001,corgis_category_mean,100,,,1000,25,100,0.42,100,0.07,100,8.42,100,0.4,100,2022-10-24 17:13:17,2022-10-24 17:14:46
170,"bananas, raw",10,0.13,edamam_hits_similarity,100,,,1000,89,100,1.09,100,0.33,100,22.84,100,2.6,100,2022-10-24 17:13:17,2022-10-24 17:14:46
171,"cereals ready-to-eat, quaker, mother's toasted oat bran cereal",,,,100,,,1000,372,100,11.45,100,5.04,100,75.41,100,8.6,100,2022-10-24 17:13:17,2022-10-24 17:13:17
172,"meatballs, meatless",70,,,100,,,1000,197,100,21,100,9,100,8,100,4.6,100,2022-10-24 17:13:17,2022-10-24 17:14:46
173,"wheat flour, white, all-purpose, unenriched",131,,,100,,,1000,364,100,10.33,100,0.98,100,76.31,100,2.7,100,2022-10-24 17:13:17,2022-10-24 17:14:46
174,"spices, pepper, black",116,,,100,,,1000,251,100,10.39,100,3.26,100,63.95,100,25.3,100,2022-10-24 17:13:17,2022-10-24 17:14:46
175,"fish, halibut, greenland, raw",,,,100,,,1000,186,100,14.37,100,13.84,100,0,100,0,100,2022-10-24 17:13:17,2022-10-24 17:13:17
176,"plums, raw",96,0.33075000000000004,edamam_hits_similarity,100,,,1000,46,100,0.7,100,0.28,100,11.42,100,1.4,100,2022-10-24 17:13:17,2022-10-24 17:14:46
177,"cheese, gouda",28,0.810181,corgis_category_mean,100,5060,corgis_category_mean,1000,356,100,24.94,100,27.44,100,2.22,100,0,100,2022-10-24 17:13:17,2022-10-24 17:14:46
178,"cheese, gruyere",28,0.810181,corgis_category_mean,100,5060,corgis_category_mean,1000,413,100,29.81,100,32.34,100,0.36,100,0,100,2022-10-24 17:13:17,2022-10-24 17:14:46
179,"peppers, ancho, dried",,,,100,,,1000,281,100,11.86,100,8.2,100,51.42,100,21.6,100,2022-10-24 17:13:17,2022-10-24 17:13:17
180,"leavening agents, yeast, baker's, active dry",60,,,100,,,1000,325,100,40.44,100,7.61,100,41.22,100,26.9,100,2022-10-24 17:13:17,2022-10-24 17:14:46
181,"spices, cumin seed",116,,,100,,,1000,375,100,17.81,100,22.27,100,44.24,100,10.5,100,2022-10-24 17:13:17,2022-10-24 17:14:46
182,"soup, swanson chicken broth 99% fat free",,,,100,,,1000,4,100,0.54,100,0.17,100,0.14,100,0,100,2022-10-24 17:13:17,2022-10-24 17:13:17
183,vital wheat gluten,,,,100,,,1000,370,100,75.16,100,1.85,100,13.79,100,0.6,100,2022-10-24 17:13:17,2022-10-24 17:13:17
184,"ice creams, chocolate",56,,,100,,,1000,216,100,3.8,100,11,100,28.2,100,1.2,100,2022-10-24 17:13:17,2022-10-24 17:14:46
185,"marmalade, orange",69,,,100,,,1000,246,100,0.3,100,0,100,66.3,100,0.7,100,2022-10-24 17:13:17,2022-10-24 17:14:46
186,"candies, nestle, after eight mints",,,,100,,,1000,432,100,1.67,100,11.9,100,79.53,100,2.4,100,2022-10-24 17:13:17,2022-10-24 17:13:17
187,"milk, canned, condensed, sweetened",72,0.17616600000000002,myemissions.green,100,1020,healabel,1000,61,100,3.15,100,3.25,100,4.8,100,0,100,2022-10-24 17:13:17,2022-10-24 17:14:46
188,"strawberries, raw",119,0.22432,corgis_category_mean,100,347,corgis_category_mean,1000,32,100,0.67,100,0.3,100,7.68,100,2,100,2022-10-24 17:13:17,2022-10-24 17:14:46
189,soy sauce made from soy (tamari),,,,100,,,1000,60,100,10.51,100,0.1,100,5.57,100,0.8,100,2022-10-24 17:13:17,2022-10-24 17:13:17
190,"cheese, ricotta, whole milk",28,0.810181,corgis_category_mean,100,5060,corgis_category_mean,1000,174,100,11.26,100,12.98,100,3.04,100,0,100,2022-10-24 17:13:17,2022-10-24 17:14:46
191,"noodles, egg, dry, unenriched",,,,100,,,1000,384,100,14.16,100,4.44,100,71.27,100,3.3,100,2022-10-24 17:13:17,2022-10-24 17:13:17
192,"sorghum flour, refined, unenriched",,,,100,,,1000,357,100,9.53,100,1.24,100,76.85,100,1.9,100,2022-10-24 17:13:17,2022-10-24 17:13:17
193,"raspberries, raw",104,,,100,,,1000,52,100,1.2,100,0.65,100,11.94,100,6.5,100,2022-10-24 17:13:17,2022-10-24 17:14:46
194,"ground turkey, raw",,,,100,,,1000,148,100,19.66,100,7.66,100,0,100,0,100,2022-10-24 17:13:17,2022-10-24 17:13:17
195,"pineapple juice, canned or bottled, unsweetened, without added ascorbic acid",95,0.17,myemissions.green,100,255,healabel,1000,50,100,0.54,100,0.12,100,13.12,100,1.4,100,2022-10-24 17:13:17,2022-10-24 17:14:46
196,"smart soup, indian bean masala",,,,100,,,1000,57,100,3.3,100,0.88,100,10.5,100,2.6,100,2022-10-24 17:13:17,2022-10-24 17:13:17
197,"cauliflower, raw",25,,,100,,,1000,25,100,1.92,100,0.28,100,4.97,100,2,100,2022-10-24 17:13:17,2022-10-24 17:14:46
198,"beverages, ovaltine, classic malt powder",,,,100,,,1000,372,100,0,100,0,100,93.33,100,0,100,2022-10-24 17:13:17,2022-10-24 17:13:17
199,molasses,74,0.04876,myemissions.green,100,,,1000,290,100,0,100,0.1,100,74.73,100,0,100,2022-10-24 17:13:17,2022-10-24 17:14:46
200,"leavening agents, baking soda",60,,,100,,,1000,0,100,0,100,0,100,0,100,0,100,2022-10-24 17:13:17,2022-10-24 17:14:46
201,"dates, deglet noor",42,,,100,,,1000,282,100,2.45,100,0.39,100,75.03,100,8,100,2022-10-24 17:13:17,2022-10-24 17:14:46
202,"nuts, cashew nuts, raw",,,,100,,,1000,553,100,18.22,100,43.85,100,30.19,100,3.3,100,2022-10-24 17:13:17,2022-10-24 17:13:17
203,"alcoholic beverage, distilled, gin, 90 proof",,,,100,,,1000,263,100,0,100,0,100,0,100,0,100,2022-10-24 17:13:17,2022-10-24 17:13:17
204,"leavening agents, baking powder, double-acting, sodium aluminum sulfate",60,,,100,,,1000,53,100,0,100,0,100,27.7,100,0.2,100,2022-10-24 17:13:17,2022-10-24 17:14:46
205,"chocolate, dark, 70-85% cacao solids",,,,100,,,1000,598,100,7.79,100,42.63,100,45.9,100,10.9,100,2022-10-24 17:13:17,2022-10-24 17:13:17
206,"apricots, dried, sulfured, uncooked",4,0.043000000000000003,corgis_category_mean,100,1287,corgis_category_mean,1000,241,100,3.39,100,0.51,100,62.64,100,7.3,100,2022-10-24 17:13:17,2022-10-24 17:14:46
207,"spices, fennel seed",,0.42000000000000004,edamam_hits_similarity,100,,,1000,345,100,15.8,100,14.87,100,52.29,100,39.8,100,2022-10-24 17:13:17,2022-10-24 17:13:17
208,"potatoes, raw, skin",,,,100,,,1000,58,100,2.57,100,0.1,100,12.44,100,2.5,100,2022-10-24 17:13:17,2022-10-24 17:13:17
209,"peaches, yellow, raw",88,0.25,myemissions.green,100,910,healabel,1000,39,100,0.91,100,0.25,100,9.54,100,1.5,100,2022-10-24 17:13:17,2022-10-24 17:14:46
210,"pomegranate juice, bottled",97,,,100,,,1000,54,100,0.15,100,0.29,100,13.13,100,0.1,100,2022-10-24 17:13:17,2022-10-24 17:14:46
211,"spices, anise seed",,,,100,,,1000,337,100,17.6,100,15.9,100,50.02,100,14.6,100,2022-10-24 17:13:17,2022-10-24 17:13:17
212,"cheese, feta",28,0.810181,corgis_category_mean,100,5060,corgis_category_mean,1000,264,100,14.21,100,21.28,100,4.09,100,0,100,2022-10-24 17:13:17,2022-10-24 17:14:46
213,"couscous, dry",,0.24403600000000003,edamam_hits_similarity,100,,,1000,376,100,12.76,100,0.64,100,77.43,100,5,100,2022-10-24 17:13:17,2022-10-24 17:13:17
214,"vinegar, balsamic",,,,100,,,1000,88,100,0.49,100,0,100,17.03,100,,,2022-10-24 17:13:17,2022-10-24 17:13:17
215,"syrups, corn, light",123,0.065599,corgis_category_mean,100,,,1000,283,100,0,100,0.2,100,76.79,100,0,100,2022-10-24 17:13:17,2022-10-24 17:14:46
216,"spices, marjoram, dried",116,,,100,,,1000,271,100,12.66,100,7.04,100,60.56,100,40.3,100,2022-10-24 17:13:17,2022-10-24 17:14:46
217,"passion-fruit juice, yellow, raw",,,,100,,,1000,60,100,0.67,100,0.18,100,14.45,100,0.2,100,2022-10-24 17:13:17,2022-10-24 17:13:17
218,"soup, vegetable broth, ready to serve",115,0.022176,myemissions.green,100,2266,corgis_category_mean,1000,0.963321,100,0.0303423,100,0.0376684,100,0.150307,100,0.0422472,100,2022-10-24 17:13:17,2022-10-24 17:14:46
219,"figs, dried, uncooked",48,,,100,,,1000,249,100,3.3,100,0.93,100,63.87,100,9.8,100,2022-10-24 17:13:17,2022-10-24 17:14:46
220,"pickle relish, sweet",94,,,100,,,1000,130,100,0.37,100,0.47,100,35.06,100,1.1,100,2022-10-24 17:13:17,2022-10-24 17:14:46
221,"denny's, hash browns",,,,100,,,1000,197,100,2.49,100,8.99,100,26.59,100,2.7,100,2022-10-24 17:13:17,2022-10-24 17:13:17
222,"mushrooms, white, raw",76,0.140454,corgis_category_mean,100,322,corgis_category_mean,1000,22,100,3.09,100,0.34,100,3.26,100,1,100,2022-10-24 17:13:17,2022-10-24 17:14:46
223,"spices, basil, dried",116,,,100,,,1000,233,100,22.98,100,4.07,100,47.75,100,37.7,100,2022-10-24 17:13:17,2022-10-24 17:14:46
224,"avocados, raw, all commercial varieties",7,,,100,,,1000,160,100,2,100,14.66,100,8.53,100,6.7,100,2022-10-24 17:13:17,2022-10-24 17:14:46
225,"jams and preserves, apricot",,,,100,,,1000,242,100,0.7,100,0.2,100,64.4,100,0.3,100,2022-10-24 17:13:17,2022-10-24 17:13:17
226,"beans, kidney, all types, mature seeds, raw",,,,100,,,1000,333,100,23.58,100,0.83,100,60.01,100,24.9,100,2022-10-24 17:13:17,2022-10-24 17:13:17
227,"margarine, regular, hard, soybean (hydrogenated)",,,,100,,,1000,719,100,0.9,100,80.5,100,0.9,100,0,100,2022-10-24 17:13:17,2022-10-24 17:13:17
228,"beans, snap, green, raw",11,0.26298375,corgis_category_mean,100,561,corgis_category_mean,1000,31,100,1.83,100,0.22,100,6.97,100,2.7,100,2022-10-24 17:13:17,2022-10-24 17:14:46
229,"oat bran, raw",80,,,100,,,1000,246,100,17.3,100,7.03,100,66.22,100,15.4,100,2022-10-24 17:13:17,2022-10-24 17:14:46
230,"brussels sprouts, raw",17,0.07500000000000001,edamam_hits_similarity,100,,,1000,43,100,3.38,100,0.3,100,8.95,100,3.8,100,2022-10-24 17:13:17,2022-10-24 17:14:46
231,"pineapple, raw, all varieties",95,0.31806825,corgis_category_mean,100,255,corgis_category_mean,1000,50,100,0.54,100,0.12,100,13.12,100,1.4,100,2022-10-24 17:13:17,2022-10-24 17:14:46
232,chickpea flour (besan),,,,100,,,1000,387,100,22.39,100,6.69,100,57.82,100,10.8,100,2022-10-24 17:13:17,2022-10-24 17:13:17
233,"cranberries, dried, sweetened",36,,,100,,,1000,308,100,0.07,100,1.37,100,82.36,100,5.7,100,2022-10-24 17:13:17,2022-10-24 17:14:46
234,"peas, green, frozen, unprepared",,,,100,,,1000,77,100,5.22,100,0.4,100,13.62,100,4.5,100,2022-10-24 17:13:17,2022-10-24 17:13:17
235,"peppers, jalapeno, raw",92,0.29294000000000003,corgis_category_mean,100,,,1000,29,100,0.91,100,0.37,100,6.5,100,2.8,100,2022-10-24 17:13:17,2022-10-24 17:14:46
236,"semolina, unenriched",,,,100,,,1000,360,100,12.68,100,1.05,100,72.83,100,3.9,100,2022-10-24 17:13:17,2022-10-24 17:13:17
237,"seasoning mix, dry, taco, original",,,,100,,,1000,322,100,4.5,100,0,100,58,100,13.3,100,2022-10-24 17:13:17,2022-10-24 17:13:17
238,"pork sausage, link/patty, unprepared",,,,100,,,1000,287,100,15.37,100,24.78,100,0.93,100,0,100,2022-10-24 17:13:17,2022-10-24 17:13:17
239,"mini semi-sweet chocolate baking chips, upc: 719283140692",13,0.438825,myemissions.green,100,17196,healabel,1000,480,100,4.2,100,30,100,63.9,100,5.9,100,2022-10-24 17:13:17,2022-10-24 17:14:46
240,"capers, canned",22,0.046313,edamam_hits_similarity,100,,,1000,23,100,2.36,100,0.86,100,4.89,100,3.2,100,2022-10-24 17:13:17,2022-10-24 17:14:46
241,cornstarch,35,,,100,,,1000,381,100,0.26,100,0.05,100,91.27,100,0.9,100,2022-10-24 17:13:17,2022-10-24 17:14:46
242,"vinegar, cider",128,,,100,,,1000,21,100,0,100,0,100,0.93,100,0,100,2022-10-24 17:13:17,2022-10-24 17:14:46
243,"peppers, sweet, green, raw",92,0.29294000000000003,corgis_category_mean,100,,,1000,20,100,0.86,100,0.17,100,4.64,100,1.7,100,2022-10-24 17:13:17,2022-10-24 17:14:46
244,"candies, marshmallows",21,0.4337648333333333,corgis_category_mean,100,7653,corgis_category_mean,1000,318,100,1.8,100,0.2,100,81.3,100,0.1,100,2022-10-24 17:13:17,2022-10-24 17:14:46
245,"shortening, vegetable, household, composite",113,,,100,,,1000,884,100,0,100,99.97,100,0,100,0,100,2022-10-24 17:13:17,2022-10-24 17:14:46
246,"pork, fresh, loin, country-style ribs, separable lean only, raw",,,,100,,,1000,140,100,20.76,100,5.64,100,0,100,0,100,2022-10-24 17:13:17,2022-10-24 17:13:17
247,phyllo dough,93,0.9420015999999999,foodb_category_mean,100,,,1000,299,100,7.1,100,6,100,52.6,100,1.9,100,2022-10-24 17:13:17,2022-10-24 17:14:46
248,"celery, raw",26,,,100,,,1000,16,100,0.69,100,0.17,100,2.97,100,1.6,100,2022-10-24 17:13:17,2022-10-24 17:14:46
249,"spices, fenugreek seed",,,,100,,,1000,323,100,23,100,6.41,100,58.35,100,24.6,100,2022-10-24 17:13:17,2022-10-24 17:13:17
250,"artichokes, (globe or french), raw",,,,100,,,1000,47,100,3.27,100,0.15,100,10.51,100,5.4,100,2022-10-24 17:13:17,2022-10-24 17:13:17
251,"squash, winter, butternut, raw",,,,100,,,1000,45,100,1,100,0.1,100,11.69,100,2,100,2022-10-24 17:13:17,2022-10-24 17:13:17
252,"beef, grass-fed, ground, raw",,,,100,,,1000,192,100,19.42,100,12.73,100,0,100,0,100,2022-10-24 17:13:17,2022-10-24 17:13:17
253,"fat, goose",,0.505438,edamam_hits_similarity,100,,,1000,900,100,0,100,99.8,100,0,100,0,100,2022-10-24 17:13:17,2022-10-24 17:13:17
254,"yogurt, vanilla, non-fat",133,0.065599,myemissions.green,100,126505,healabel,1000,288,100,0.06,100,0.06,100,12.65,100,0,100,2022-10-24 17:13:17,2022-10-24 17:14:46
255,"nuts, hazelnuts or filberts",79,0.20558600000000002,corgis_category_mean,100,,,1000,628,100,14.95,100,60.75,100,16.7,100,9.7,100,2022-10-24 17:13:17,2022-10-24 17:14:46
256,"chicken, liver, all classes, raw",30,1.2119974999999998,corgis_category_mean,100,6544,corgis_category_mean,1000,119,100,16.92,100,4.83,100,0.73,100,0,100,2022-10-24 17:13:17,2022-10-24 17:14:46
257,eggnog,46,,,100,,,1000,88,100,4.55,100,4.19,100,8.05,100,0,100,2022-10-24 17:13:17,2022-10-24 17:14:46
258,"egg, white, raw, fresh",45,,,100,,,1000,52,100,10.9,100,0.17,100,0.73,100,0,100,2022-10-24 17:13:17,2022-10-24 17:14:46
259,"quinoa, uncooked",,,,100,,,1000,368,100,14.12,100,6.07,100,64.16,100,7,100,2022-10-24 17:13:17,2022-10-24 17:13:17
260,"chickpeas (garbanzo beans, bengal gram), mature seeds, raw",31,,,100,,,1000,378,100,20.47,100,6.04,100,62.95,100,12.2,100,2022-10-24 17:13:17,2022-10-24 17:14:46
261,"terra dolce, organic chipotle dried chile peppers, upc: 700360007144",,,,100,,,1000,324,100,10.58,100,5.81,100,69.86,100,28.7,100,2022-10-24 17:13:17,2022-10-24 17:13:17
262,"rice flour, white, unenriched",106,,,100,,,1000,366,100,5.95,100,1.42,100,80.13,100,2.4,100,2022-10-24 17:13:17,2022-10-24 17:14:46
263,"syrup, maple, canadian",,,,100,,,1000,270,100,0,100,0,100,67.38,100,0,100,2022-10-24 17:13:17,2022-10-24 17:13:17
264,"soymilk, original and vanilla, unfortified",,,,100,,,1000,54,100,3.27,100,1.75,100,6.28,100,0.6,100,2022-10-24 17:13:17,2022-10-24 17:13:17
265,"mcdonald's, spicy buffalo sauce",,,,100,,,1000,142,100,0.54,100,15.45,100,1.81,100,1.5,100,2022-10-24 17:13:17,2022-10-24 17:13:17
266,"crustaceans, shrimp, raw (not previously frozen)",40,1.7745550000000003,myemissions.green,100,,,1000,85,100,20.1,100,0.51,100,0,100,,,2022-10-24 17:13:17,2022-10-24 17:14:46
267,"oil, corn, peanut, and olive",,0.24044,myemissions.green,100,24740,healabel,1000,884,100,0,100,100,100,0,100,0,100,2022-10-24 17:13:17,2022-10-24 17:13:17
268,"spices, cinnamon, ground",116,,,100,,,1000,247,100,3.99,100,1.24,100,80.59,100,53.1,100,2022-10-24 17:13:17,2022-10-24 17:14:46
269,"animal fat, bacon grease",2,,,100,,,1000,897,100,0,100,99.5,100,0,100,0,100,2022-10-24 17:13:17,2022-10-24 17:14:46
270,"snacks, tortilla chips, light (baked with less oil)",,0.1155,foodb_category_mean,100,,,1000,497,100,6.62,100,22.33,100,67.38,100,4.7,100,2022-10-24 17:13:17,2022-10-24 17:13:17
271,"spices, saffron",,,,100,,,1000,310,100,11.43,100,5.85,100,65.37,100,3.9,100,2022-10-24 17:13:17,2022-10-24 17:13:17
272,"water, bottled, generic",129,,,100,,,1000,0,100,0,100,0,100,0,100,0,100,2022-10-24 17:13:17,2022-10-24 17:14:46
273,"fish, cod, atlantic, raw",,,,100,,,1000,82,100,17.81,100,0.67,100,0,100,0,100,2022-10-24 17:13:17,2022-10-24 17:13:17
274,"nuts, pecans",79,0.20558600000000002,corgis_category_mean,100,,,1000,691,100,9.17,100,71.97,100,13.86,100,9.6,100,2022-10-24 17:13:17,2022-10-24 17:14:46
275,"spices, tarragon, dried",,,,100,,,1000,295,100,22.77,100,7.24,100,50.22,100,7.4,100,2022-10-24 17:13:17,2022-10-24 17:13:17
276,"lemon juice, raw",62,0.06216000000000001,edamam_hits_similarity,100,,,1000,22,100,0.35,100,0.24,100,6.9,100,0.3,100,2022-10-24 17:13:17,2022-10-24 17:14:46
277,"cranberry juice, unsweetened",37,,,100,,,1000,46,100,0.39,100,0.13,100,12.2,100,0.1,100,2022-10-24 17:13:17,2022-10-24 17:14:46
278,"seeds, hemp seed, hulled",,,,100,,,1000,567,100,24.8,100,35.5,100,27.6,100,27.6,100,2022-10-24 17:13:17,2022-10-24 17:13:17
279,"horseradish, prepared",55,,,100,,,1000,48,100,1.18,100,0.69,100,11.29,100,3.3,100,2022-10-24 17:13:17,2022-10-24 17:14:46
280,"sauce, teriyaki, ready-to-serve",109,,,100,,,1000,89,100,5.93,100,0.02,100,15.56,100,0.1,100,2022-10-24 17:13:17,2022-10-24 17:14:46
281,"cream, sour, cultured",39,,,100,,,1000,193,100,2.07,100,19.73,100,2.88,100,0,100,2022-10-24 17:13:17,2022-10-24 17:14:46
282,"fresh red onions, upc: 888670013229",115,0.2308,myemissions.green,100,272,healabel,1000,40,100,1.1,100,0.1,100,9.34,100,1.7,100,2022-10-24 17:13:17,2022-10-24 17:14:46
283,honey,54,0.16573000000000002,myemissions.green,100,,,1000,304,100,0.3,100,0,100,82.4,100,0.2,100,2022-10-24 17:13:17,2022-10-24 17:14:46
284,"arugula, raw",5,,,100,,,1000,25,100,2.58,100,0.66,100,3.65,100,1.6,100,2022-10-24 17:13:17,2022-10-24 17:14:46
285,"apples, raw, with skin",3,,,100,,,1000,52,100,0.26,100,0.17,100,13.81,100,2.4,100,2022-10-24 17:13:17,2022-10-24 17:14:46
286,"blueberries, raw",15,0.269,corgis_category_mean,100,845,corgis_category_mean,1000,57,100,0.74,100,0.33,100,14.49,100,2.4,100,2022-10-24 17:13:17,2022-10-24 17:14:46
287,"seeds, flaxseed",111,,,100,,,1000,534,100,18.29,100,42.16,100,28.88,100,27.3,100,2022-10-24 17:13:17,2022-10-24 17:14:46
288,"cookies, vanilla wafers, lower fat",34,0.3227421111111111,corgis_category_mean,100,8703,corgis_category_mean,1000,441,100,5,100,15.2,100,73.6,100,1.9,100,2022-10-24 17:13:17,2022-10-24 17:14:46
289,"bulgur, dry",18,,,100,,,1000,342,100,12.29,100,1.33,100,75.87,100,12.5,100,2022-10-24 17:13:17,2022-10-24 17:14:46
290,"syrups, sugar free",50,0.065599,myemissions.green,100,,,1000,260,100,0.04,100,0.06,100,67.04,100,0,100,2022-10-24 17:13:17,2022-10-24 17:14:46
291,"egg substitute, powder",,,,100,,,1000,444,100,55.5,100,13,100,21.8,100,0,100,2022-10-24 17:13:17,2022-10-24 17:13:17
292,"sweetener, herbal extract powder from stevia leaf",122,,,100,,,1000,0,100,0,100,0,100,100,100,0,100,2022-10-24 17:13:17,2022-10-24 17:14:46
293,"butter, without salt",19,,,100,,,1000,717,100,0.85,100,81.11,100,0.06,100,0,100,2022-10-24 17:13:17,2022-10-24 17:14:46
294,"alcoholic beverage, distilled, whiskey, 86 proof",,,,100,,,1000,250,100,0,100,0,100,0.1,100,0,100,2022-10-24 17:13:17,2022-10-24 17:13:17
295,"kashi, steam meal, chicken fettuccine, frozen entree",,,,100,,,1000,99,100,6.2,100,2.7,100,14,100,2,100,2022-10-24 17:13:17,2022-10-24 17:13:17
296,"orange juice, raw",85,0.2,corgis_category_mean,100,1018,corgis_category_mean,1000,45,100,0.7,100,0.2,100,10.4,100,0.2,100,2022-10-24 17:13:17,2022-10-24 17:14:46
297,"pork, fresh, loin, tenderloin, separable lean only, raw",98,0.662826,corgis_category_mean,100,5990,corgis_category_mean,1000,109,100,20.95,100,2.17,100,0,100,0,100,2022-10-24 17:13:17,2022-10-24 17:14:46
298,"cereals ready-to-eat, granola, homemade",27,0.2917906666666667,corgis_category_mean,100,,,1000,489,100,14.85,100,24.06,100,53.25,100,9,100,2022-10-24 17:13:17,2022-10-24 17:14:46
299,"rice, white, long-grain, regular, unenriched, cooked without salt",105,0.135377,myemissions.green,100,,,1000,360,100,6.61,100,0.58,100,79.34,100,,,2022-10-24 17:13:17,2022-10-24 17:14:46
300,"margarine, regular, 80% fat, composite, stick, without salt",68,0.308086,corgis_category_mean,100,,,1000,717,100,0.16,100,80.71,100,0.7,100,0,100,2022-10-24 17:13:17,2022-10-24 17:14:46
301,lard,59,0.611647,myemissions.green,100,,,1000,902,100,0,100,100,100,0,100,0,100,2022-10-24 17:13:17,2022-10-24 17:14:46
302,"spices, oregano, dried",116,,,100,,,1000,265,100,9,100,4.28,100,68.92,100,42.5,100,2022-10-24 17:13:17,2022-10-24 17:14:46
303,"spices, nutmeg, ground",116,,,100,,,1000,525,100,5.84,100,36.31,100,49.29,100,20.8,100,2022-10-24 17:13:17,2022-10-24 17:14:46
304,"sugars, granulated",120,,,100,,,1000,387,100,0,100,0,100,99.98,100,0,100,2022-10-24 17:13:17,2022-10-24 17:14:46
305,"sauce, salsa, ready-to-serve",109,,,100,,,1000,29,100,1.54,100,0.17,100,6.72,100,1.8,100,2022-10-24 17:13:17,2022-10-24 17:14:46
306,"spices, cloves, ground",116,,,100,,,1000,274,100,5.97,100,13,100,65.53,100,33.9,100,2022-10-24 17:13:17,2022-10-24 17:14:46
307,"alcoholic beverage, distilled, rum, 80 proof",1,0.0767825,corgis_category_mean,100,298,corgis_category_mean,1000,231,100,0,100,0,100,0,100,0,100,2022-10-24 17:13:17,2022-10-24 17:14:46
308,"spinach, raw",117,0.16048666666666667,corgis_category_mean,100,292,corgis_category_mean,1000,23,100,2.86,100,0.39,100,3.63,100,2.2,100,2022-10-24 17:13:17,2022-10-24 17:14:46
309,dulce de leche,43,0.5073743333333334,foodb_category_mean,100,,,1000,315,100,6.84,100,7.35,100,55.35,100,0,100,2022-10-24 17:13:17,2022-10-24 17:14:46
310,"melons, honeydew, raw",71,,,100,,,1000,36,100,0.54,100,0.14,100,9.09,100,0.8,100,2022-10-24 17:13:17,2022-10-24 17:14:46
311,"pancakes, plain, dry mix, complete (includes buttermilk)",,,,100,,,1000,368,100,9.77,100,3.1,100,73.65,100,2.9,100,2022-10-24 17:13:17,2022-10-24 17:13:17
312,"raisins, seeded",,,,100,,,1000,296,100,2.52,100,0.54,100,78.47,100,6.8,100,2022-10-24 17:13:17,2022-10-24 17:13:17
313,"pectin, unsweetened, dry mix",,,,100,,,1000,325,100,0.3,100,0.3,100,90.4,100,8.6,100,2022-10-24 17:13:17,2022-10-24 17:13:17
314,"barley, hulled",,0.11183300000000002,edamam_hits_similarity,100,,,1000,354,100,12.48,100,2.3,100,73.48,100,17.3,100,2022-10-24 17:13:17,2022-10-24 17:13:17
315,"tangerines, (mandarin oranges), raw",125,0.18,corgis_category_mean,100,748,corgis_category_mean,1000,53,100,0.81,100,0.31,100,13.34,100,1.8,100,2022-10-24 17:13:17,2022-10-24 17:14:46
316,"crustaceans, crab, alaska king, imitation, made from surimi",40,1.7745550000000003,corgis_category_mean,100,,,1000,95,100,7.62,100,0.46,100,15,100,0.5,100,2022-10-24 17:13:17,2022-10-24 17:14:46
317,"mustard, prepared, yellow",77,,,100,,,1000,60,100,3.74,100,3.34,100,5.83,100,4,100,2022-10-24 17:13:17,2022-10-24 17:14:46
318,miso,73,0.09533333333333334,foodb_category_mean,100,,,1000,199,100,11.69,100,6.01,100,26.47,100,5.4,100,2022-10-24 17:13:17,2022-10-24 17:14:46
319,"seeds, sunflower seed kernels, dried",,,,100,,,1000,584,100,20.78,100,51.46,100,20,100,8.6,100,2022-10-24 17:13:17,2022-10-24 17:13:17
320,"cheese, neufchatel",,,,100,,,1000,253,100,9.15,100,22.78,100,3.59,100,0,100,2022-10-24 17:13:17,2022-10-24 17:13:17
321,"grapefruit juice, white, raw",52,0.20600000000000002,corgis_category_mean,100,,,1000,39,100,0.5,100,0.1,100,9.2,100,0.1,100,2022-10-24 17:13:17,2022-10-24 17:14:46
322,"beets, raw",12,0.2372,corgis_category_mean,100,,,1000,43,100,1.61,100,0.17,100,9.56,100,2.8,100,2022-10-24 17:13:17,2022-10-24 17:14:46
323,"soup, cream of chicken, canned, condensed",115,0.372404,myemissions.green,100,2266,corgis_category_mean,1000,345,100,2.05,100,37,100,2.79,100,0,100,2022-10-24 17:13:17,2022-10-24 17:14:46
324,"peppermint, fresh",,,,100,,,1000,70,100,3.75,100,0.94,100,14.89,100,8,100,2022-10-24 17:13:17,2022-10-24 17:13:17
325,"wasabi, root, raw",,,,100,,,1000,109,100,4.8,100,0.63,100,23.54,100,7.8,100,2022-10-24 17:13:17,2022-10-24 17:13:17
326,"chicken, broiler or fryers, breast, skinless, boneless, meat only, raw",30,1.2119974999999998,corgis_category_mean,100,6544,corgis_category_mean,1000,120,100,22.5,100,2.62,100,0,100,0,100,2022-10-24 17:13:17,2022-10-24 17:14:46
327,"butter, salted",19,0.11325000000000002,edamam_hits_similarity,100,,,1000,717,100,0.85,100,81.11,100,0.06,100,0,100,2022-10-24 17:13:17,2022-10-24 17:14:46
328,"candies, caramels",21,0.4337648333333333,corgis_category_mean,100,7653,corgis_category_mean,1000,382,100,4.6,100,8.1,100,77,100,0,100,2022-10-24 17:13:17,2022-10-24 17:14:46
329,"spices, coriander seed",,,,100,,,1000,298,100,12.37,100,17.77,100,54.99,100,41.9,100,2022-10-24 17:13:17,2022-10-24 17:13:17
330,"radicchio, raw",102,,,100,,,1000,23,100,1.43,100,0.25,100,4.48,100,0.9,100,2022-10-24 17:13:17,2022-10-24 17:14:46
331,"soup, beef broth or bouillon canned, ready-to-serve",115,0.022176,myemissions.green,100,2266,corgis_category_mean,1000,13,100,1.97,100,0.09,100,1.2,100,0,100,2022-10-24 17:13:17,2022-10-24 17:14:46
332,"spices, cardamom",,,,100,,,1000,311,100,10.76,100,6.7,100,68.47,100,28,100,2022-10-24 17:13:17,2022-10-24 17:13:17
333,"spices, turmeric, ground",116,,,100,,,1000,312,100,9.68,100,3.25,100,67.14,100,22.7,100,2022-10-24 17:13:17,2022-10-24 17:14:46
334,"pumpkin, raw",101,,,100,,,1000,26,100,1,100,0.1,100,6.5,100,0.5,100,2022-10-24 17:13:17,2022-10-24 17:14:46
335,"candies, white chocolate",21,0.4337648333333333,corgis_category_mean,100,7653,corgis_category_mean,1000,539,100,5.87,100,32.09,100,59.24,100,0.2,100,2022-10-24 17:13:17,2022-10-24 17:14:46
336,"cocoa, dry powder, unsweetened",33,,,100,,,1000,228,100,19.6,100,13.7,100,57.9,100,37,100,2022-10-24 17:13:17,2022-10-24 17:14:46
337,"sauce, peppers, hot, chili, mature red, canned",92,0.20192000000000002,myemissions.green,100,,,1000,20,100,0.86,100,0.17,100,4.64,100,1.7,100,2022-10-24 17:13:17,2022-10-24 17:14:46
338,"carrots, raw",23,0.17399333333333333,corgis_category_mean,100,195,corgis_category_mean,1000,41,100,0.93,100,0.24,100,9.58,100,2.8,100,2022-10-24 17:13:17,2022-10-24 17:14:46
339,"spices, thyme, dried",116,,,100,,,1000,276,100,9.11,100,7.43,100,63.94,100,37,100,2022-10-24 17:13:17,2022-10-24 17:14:46
340,"squash, summer, zucchini, includes skin, raw",118,0.1162,corgis_category_mean,100,336,corgis_category_mean,1000,17,100,1.21,100,0.32,100,3.11,100,1,100,2022-10-24 17:13:17,2022-10-24 17:14:46
341,"yogurt, greek, plain, nonfat",133,0.1458154166675,corgis_category_mean,100,42817,corgis_category_mean,1000,59,100,10.19,100,0.39,100,3.6,100,0,100,2022-10-24 17:13:17,2022-10-24 17:14:46
512,"beef, flank, steak, separable lean and fat, trimmed to 0"" fat, all grades, cooked, broiled",,,,,,,,,,,,,,,,,,2022-10-24 17:13:35,2022-10-24 17:13:35
513,"beef, rib eye steak, boneless, lip off, separable lean and fat, trimmed to 0"" fat, all grades, cooked, grilled",,,,,,,,,,,,,,,,,,2022-10-24 17:13:35,2022-10-24 17:13:35
514,"cereals, oats, regular and quick, unenriched, cooked with water (includes boiling and microwaving), without salt",,,,,,,,,,,,,,,,,,2022-10-24 17:13:35,2022-10-24 17:13:35
515,"martha white foods, martha white's buttermilk biscuit mix, dry",,,,,,,,,,,,,,,,,,2022-10-24 17:13:35,2022-10-24 17:13:35
516,"roland, seasoned rice wine vinegar, upc: 041224705142",,,,,,,,,,,,,,,,,,2022-10-24 17:13:35,2022-10-24 17:13:35
517,"salad dressing, caesar dressing, regular",,,,,,,,,,,,,,,,,,2022-10-24 17:13:35,2022-10-24 17:13:35
518,"salad dressing, italian dressing, commercial, regular",,,,,,,,,,,,,,,,,,2022-10-24 17:13:35,2022-10-24 17:13:35
519,"salad dressing, mayonnaise, regular",,,,,,,,,,,,,,,,,,2022-10-24 17:13:35,2022-10-24 17:13:35
520,"salad dressing, ranch dressing, regular",,,,,,,,,,,,,,,,,,2022-10-24 17:13:35,2022-10-24 17:13:35
521,"seeds, sesame butter, tahini, from roasted and toasted kernels (most common type)",,,,,,,,,,,,,,,,,,2022-10-24 17:13:35,2022-10-24 17:13:35
522,"spartan, real semi-sweet chocolate baking chips, upc: 011213162966",,,,,,,,,,,,,,,,,,2022-10-24 17:13:35,2022-10-24 17:13:35
